decay,acc
0.1,0.015
0.2,0.015
0.30000000000000004,0.015
0.4,0.0149
0.5,0.015
0.6,0.0152
0.7,0.0154
0.7999999999999999,0.0154
0.8999999999999999,0.0156
0.9999999999999999,0.0161
1.0999999999999999,0.0161
1.2,0.0166
1.3,0.0173
1.4000000000000001,0.0183
1.5000000000000002,0.02
1.6000000000000003,0.0217
1.7000000000000004,0.023
1.8000000000000005,0.0254
1.9000000000000006,0.0269
2.0000000000000004,0.0292
